Comune;Provincia;Regione;Nome;Anno inserimento;Data e ora inserimento;Identificatore in OpenStreetMap;Longitudine;Latitudine
MONCALIERI;CITTA' METROPOLITANA DI TORINO;Piemonte;Università delle Tre Età;2013;2013-01-28T12:34:45Z;2132258218;7.6824901;44.9995813999999
TORINO;CITTA' METROPOLITANA DI TORINO;Piemonte;Accademia Albertina;2013;2013-10-21T13:56:32Z;2503902059;7.6897297;45.0675807
TORINO;CITTA' METROPOLITANA DI TORINO;Piemonte;Accademia di medicina;2015;2015-02-24T20:43:51Z;3363964793;7.6895223;45.0684189999999
TORINO;CITTA' METROPOLITANA DI TORINO;Piemonte;Dipartimento di Scienze della Vita e Biologia de;2013;2013-12-12T13:24:52Z;2577029282;7.6882857;45.0652864999999
TORINO;CITTA' METROPOLITANA DI TORINO;Piemonte;Dipartimento di Scienze della Vita e Biologia de;2014;2014-03-12T14:09:22Z;2714024340;7.6870107;45.0550943
TORINO;CITTA' METROPOLITANA DI TORINO;Piemonte;"DISMA - Dipartimento di Scienze Matematiche """"Gi";2014;2014-03-24T12:25:56Z;2739282251;7.6618159;45.0626528
TORINO;CITTA' METROPOLITANA DI TORINO;Piemonte;Facoltà di Architettura;2012;2012-11-12T08:55:24Z;2010253896;7.6867628;45.0540489999999
TORINO;CITTA' METROPOLITANA DI TORINO;Piemonte;GeoClimAlp;2014;2014-07-14T07:44:47Z;2960715234;7.6414502;45.0173318
TORINO;CITTA' METROPOLITANA DI TORINO;Piemonte;Ingegneria dell'Autoveicolo;2011;2011-10-06T19:49:36Z;1172116313;7.6675409;45.0342752
TORINO;CITTA' METROPOLITANA DI TORINO;Piemonte;Segreteria Studenti MFN;2013;2013-12-12T13:23:48Z;2577028412;7.6888859;45.0656772999999
TORINO;CITTA' METROPOLITANA DI TORINO;Piemonte;Università degli Studi di Torino - Dipartimento;2011;2011-04-14T16:47:01Z;227835422;7.6818071;45.0520507
TORINO;CITTA' METROPOLITANA DI TORINO;Piemonte;Università  di Torino - Dipartimento di Studi P;2012;2012-11-17T12:55:10Z;2018055299;7.6899977;45.0651023
TORINO;CITTA' METROPOLITANA DI TORINO;Piemonte;Università di Torino - Mineralogia Petrografia;2012;2012-11-17T12:55:10Z;2018055301;7.6887448;45.0636236
TORINO;CITTA' METROPOLITANA DI TORINO;Piemonte;Università  di Torino - Rettorato;2012;2012-11-26T14:13:17Z;2018087957;7.6891162;45.0693441
VINOVO;CITTA' METROPOLITANA DI TORINO;Piemonte;St. John International University;2015;2015-04-27T17:08:05Z;3355673597;7.6321335;44.9498433999999
ASTI;ASTI;Piemonte;Polo universitario di Asti;2013;2013-11-26T17:45:04Z;2440717352;8.210464;44.9030165
ALESSANDRIA;ALESSANDRIA;Piemonte;Scienze Infermieristiche;2015;2015-06-01T14:04:16Z;3556356546;8.6257725;44.9169867999999
VERRES;AOSTA;Valle d'Aosta;Politecnico Di Torino - Sede Decentrata Di Verre;2015;2015-02-26T19:58:39Z;1732839046;7.6898816;45.6649976
GENOVA;CITTA' METROPOLITANA DI GENOVA;Liguria;Facoltà di Lingua e Letterature straniere;2015;2015-10-19T21:34:01Z;496999018;8.9277123;44.4132985
GENOVA;CITTA' METROPOLITANA DI GENOVA;Liguria;Laboratorio di Geodesia, Geomatica e GIS;2015;2015-05-14T13:29:30Z;1786322470;8.9631028;44.4002702
GENOVA;CITTA' METROPOLITANA DI GENOVA;Liguria;Università degli Studi di Genova;2014;2014-01-09T07:10:18Z;2615895568;8.9266707;44.4148860999999
VARESE;VARESE;Lombardia;Collegio Universitario Carlo Catteneo;2013;2013-11-06T21:31:55Z;2522613842;8.8506889;45.7963749
VARESE;VARESE;Lombardia;DICOM - Università degli Studi dell'Insubria;2012;2012-01-21T03:48:16Z;938109622;8.8286645;45.8162517
VENEGONO INFERIORE;VARESE;Lombardia;Seminario Arcivescovile di Milano;2010;2010-09-15T15:10:41Z;911983563;8.9080719;45.7342806999999
COMO;COMO;Lombardia;LNESS Laboratory for Epitaxial Nanostructures an;2016;2016-01-18T19:48:50Z;3954132656;9.09278089999999;45.8012159
MILANO;CITTA' METROPOLITANA DI MILANO;Lombardia;Accademia di belle arti di Brera;2014;2014-12-10T15:52:28Z;2529966718;9.1878197;45.4719418
MILANO;CITTA' METROPOLITANA DI MILANO;Lombardia;Facoltà di Agraria;2008;2008-05-08T20:43:49Z;249554065;9.227541;45.4765761999999
MILANO;CITTA' METROPOLITANA DI MILANO;Lombardia;Facoltà di Medicina Veterinaria;2009;2009-11-01T11:50:41Z;249554066;9.2290858;45.4765938
MILANO;CITTA' METROPOLITANA DI MILANO;Lombardia;U9;2014;2014-11-30T22:27:32Z;3213359363;9.2112608;45.5109532999999
MILANO;CITTA' METROPOLITANA DI MILANO;Lombardia;Università degli Studi di Milano;2009;2009-07-15T09:05:46Z;304665165;9.186723;45.4611907
BERGAMO;BERGAMO;Lombardia;Università degli studi di Bergamo;2015;2015-10-14T14:16:15Z;3786156525;9.6606925;45.7045348999999
BERGAMO;BERGAMO;Lombardia;Università degli Studi di Bergamo;2011;2011-01-17T12:27:32Z;1107498920;9.6717382;45.7051537999999
BRESCIA;BRESCIA;Lombardia;Università Cattolica del Sacro Cuore;2013;2013-10-19T22:23:25Z;2502165040;10.2150274;45.5351031
PAVIA;PAVIA;Lombardia;Dipartimento di Scienze Fisiologiche e Farmacolo;2010;2010-04-02T17:00:28Z;681739726;9.1501047;45.1876013999999
PAVIA;PAVIA;Lombardia;Divisione programmazione e gestione acquisti di;2010;2010-12-24T22:49:12Z;686513697;9.1583966;45.1861444
PAVIA;PAVIA;Lombardia;Facoltà di Economia;2011;2011-12-10T18:49:27Z;1539896375;9.1522691;45.188003
PAVIA;PAVIA;Lombardia;Facoltà di Filosofia;2011;2011-12-10T18:49:28Z;1539896378;9.15123919999999;45.1883924999999
PAVIA;PAVIA;Lombardia;Facoltà di Lettere e Filosofia;2013;2013-09-12T21:20:40Z;1539897724;9.1562119;45.1845738
PAVIA;PAVIA;Lombardia;Facoltà di Scienze Politiche;2010;2010-04-07T07:01:09Z;687187554;9.15776739999999;45.1869872999999
PAVIA;PAVIA;Lombardia;Fondazione Eucentre;2015;2015-04-01T14:22:18Z;2641016837;9.1344913;45.2020960999999
PAVIA;PAVIA;Lombardia;Istituto di Geografia;2014;2014-08-22T22:18:17Z;2776038314;9.1575608;45.1864981
PAVIA;PAVIA;Lombardia;Istituto di Zoologia Lazzaro Spallanzani;2011;2011-12-10T18:49:29Z;681739675;9.1509737;45.1885170999999
PAVIA;PAVIA;Lombardia;Palazzo del Mayno;2010;2010-04-06T11:00:11Z;686513694;9.1580279;45.1859933
PAVIA;PAVIA;Lombardia;Polo Scientifico Università di Pavia;2015;2015-12-02T14:39:06Z;479748388;9.13762539999999;45.202579
PAVIA;PAVIA;Lombardia;Università di Pavia;2014;2014-04-07T20:12:17Z;567450376;9.1568708;45.1871122
PAVIA;PAVIA;Lombardia;Università di Pavia - Facoltà di Botanica;2011;2011-06-16T11:33:13Z;207559055;9.1635008;45.1853594999999
MANTOVA;MANTOVA;Lombardia;Politecnico di Milano - Sede di Mantova;2013;2013-09-16T20:10:18Z;2457744987;10.7874602;45.1604158999999
BOLZANO;BOLZANO;Trentino-Alto Adige;UniBz Language Center;2015;2015-08-04T19:09:50Z;1408964424;11.3497188999999;46.4964920999999
GARNIGA TERME;TRENTO;Trentino-Alto Adige;Fondazione Mach - Centro di Ecologia Alpina;2009;2009-09-21T10:45:25Z;454224091;11.0539264;46.0144248
TRENTO;TRENTO;Trentino-Alto Adige;Rettorato - Università di Trento;2014;2014-04-07T22:28:25Z;2776349948;11.1230218999999;46.0667722
VERONA;VERONA;Veneto;Accademia di Belle Arti Cignaroli;2012;2012-01-26T19:43:38Z;1502679103;10.9928608;45.4348389999999
VERONA;VERONA;Veneto;Facoltà di Giurisprudenza;2012;2012-01-26T19:43:38Z;1502679144;10.9924436;45.4343441999999
VERONA;VERONA;Veneto;Facoltà di Scienze Motorie;2013;2013-02-15T20:42:44Z;1565502624;11.0316744999999;45.4450075999999
RONCADE;TREVISO;Veneto;H-Farm;2015;2015-08-04T10:11:05Z;3673038833;12.4277000999999;45.5645073
MIRA;CITTA' METROPOLITANA DI VENEZIA;Veneto;Ca' Foscari;2011;2011-01-26T01:29:03Z;1120722385;12.1689346999999;45.4497597
VENEZIA;CITTA' METROPOLITANA DI VENEZIA;Veneto;Ca' Cappello;2014;2014-11-25T22:35:07Z;3205382999;12.3300248;45.4362961
VENEZIA;CITTA' METROPOLITANA DI VENEZIA;Veneto;Ca' Cappello;2014;2014-11-25T22:35:07Z;3205382999;12.3300248;45.4362961
VENEZIA;CITTA' METROPOLITANA DI VENEZIA;Veneto;Università Ca' Foscari;2014;2014-11-26T21:05:11Z;2712904541;12.3264484;45.4344956999999
VENEZIA;CITTA' METROPOLITANA DI VENEZIA;Veneto;Università Ca' Foscari;2014;2014-11-26T21:05:11Z;2712904541;12.3264484;45.4344956999999
VENEZIA;CITTA' METROPOLITANA DI VENEZIA;Veneto;Università Iuav di Venezia;2015;2015-03-21T13:46:03Z;3204578997;12.2550534;45.4796418
VENEZIA;CITTA' METROPOLITANA DI VENEZIA;Veneto;Università Iuav di Venezia;2015;2015-03-21T13:46:03Z;3204578997;12.2550534;45.4796418
PADOVA;PADOVA;Veneto;Accademia Galileiana di Scienze Lettere e Arti;2011;2011-10-25T23:23:40Z;1459283521;11.8708636999999;45.4073579
PADOVA;PADOVA;Veneto;ASU;2014;2014-03-31T14:19:56Z;2756183897;11.8813400999999;45.4050721999999
PADOVA;PADOVA;Veneto;"Aula studio """"Jappelli""""";2012;2012-10-29T11:27:43Z;599365855;11.8850352;45.4082502999999
PADOVA;PADOVA;Veneto;Centro diritti umani - Università di Padova;2011;2011-10-08T19:23:25Z;1452345270;11.8759111;45.4100179
PADOVA;PADOVA;Veneto;Centro Linguistico di Ateneo;2015;2015-09-30T22:06:30Z;3721860416;11.8949520999999;45.4109072999999
PADOVA;PADOVA;Veneto;Centro Multimediale d'Ateneo;2014;2014-08-09T16:16:28Z;1473145492;11.8768215;45.4036716
PADOVA;PADOVA;Veneto;Cisspat;2015;2015-03-01T16:26:27Z;3378099698;11.8780804;45.4155182
PADOVA;PADOVA;Veneto;Dipartimento di Scienze Statistiche;2016;2016-01-03T20:22:11Z;3926012097;11.8841912;45.4045332
PADOVA;PADOVA;Veneto;Facoltà teologica del Triveneto;2015;2015-02-23T22:29:42Z;3369211190;11.8732276;45.4014718
PADOVA;PADOVA;Veneto;Psicologia;2015;2015-12-03T16:26:23Z;3874791858;11.893893;45.4123341
PADOVA;PADOVA;Veneto;Scuola Galileiana - Segreteria e Direzione;2014;2014-03-03T18:32:13Z;2661911172;11.8747960999999;45.4053912999999
UDINE;UDINE;Friuli-Venezia Giulia;Dipartimento di Scienze giuridiche;2014;2014-03-21T10:38:43Z;2730832382;13.2421743;46.0651376
UDINE;UDINE;Friuli-Venezia Giulia;Università di Udine - sede Rettorato;2014;2014-11-27T20:11:05Z;3208150088;13.2324874;46.0661209
GORIZIA;GORIZIA;Friuli-Venezia Giulia;Università degli studi di Trieste;2009;2009-06-30T21:54:41Z;296148249;13.6309026;45.9398036999999
GORIZIA;GORIZIA;Friuli-Venezia Giulia;Università degli studi di Udine;2008;2008-09-12T17:54:02Z;296146275;13.6184704;45.9433168999999
TRIESTE;TRIESTE;Friuli-Venezia Giulia;Università degli Studi di Trieste - Facoltà di;2012;2012-02-06T16:08:19Z;1620381487;13.7747829;45.6571136999999
TRIESTE;TRIESTE;Friuli-Venezia Giulia;Università degli Studi di Trieste - Scuola Supe;2015;2015-07-03T22:28:33Z;268201077;13.7746768;45.6547635
REGGIO NELL'EMILIA;REGGIO EMILIA;Emilia-Romagna;Facoltà di Ingegneria;2013;2013-05-21T11:31:05Z;849800035;10.6688056;44.6877228999999
MODENA;MODENA;Emilia-Romagna;UNIMORE Facoltà di Giurisprudenza;2015;2015-02-18T10:09:48Z;1787125988;10.9277747;44.6450301
MODENA;MODENA;Emilia-Romagna;UNIMORE Università degli Studi di Modena e Regg;2015;2015-02-18T10:09:47Z;1795635035;10.9434827;44.632131
BOLOGNA;CITTA' METROPOLITANA DI BOLOGNA;Emilia-Romagna;;2012;2012-02-18T19:14:16Z;1638065751;11.3280138;44.4870992999999
BOLOGNA;CITTA' METROPOLITANA DI BOLOGNA;Emilia-Romagna;Accademia di Belle Arti;2015;2015-02-01T12:23:52Z;2088994073;11.3529777;44.4977836999999
BOLOGNA;CITTA' METROPOLITANA DI BOLOGNA;Emilia-Romagna;Aula Absidale di Santa Lucia;2009;2009-05-26T15:12:31Z;411366245;11.3484441;44.4899129
BOLOGNA;CITTA' METROPOLITANA DI BOLOGNA;Emilia-Romagna;Aula Magna di Santa Lucia;2015;2015-11-20T09:41:23Z;411366244;11.3477367;44.489544
BOLOGNA;CITTA' METROPOLITANA DI BOLOGNA;Emilia-Romagna;CUSB - Centro Universitario Sportivo Bologna;2013;2013-03-10T16:36:19Z;1627376986;11.3554382;44.4962153
BOLOGNA;CITTA' METROPOLITANA DI BOLOGNA;Emilia-Romagna;Dipartimento di Matematica per le Scienze Econom;2016;2016-01-31T11:09:55Z;3979367438;11.3565308999999;44.4956044999999
BOLOGNA;CITTA' METROPOLITANA DI BOLOGNA;Emilia-Romagna;Dipartimento di Scienze Giurdiche Antonio Cicu;2016;2016-01-31T11:09:55Z;3979367436;11.3565979;44.4950975
BOLOGNA;CITTA' METROPOLITANA DI BOLOGNA;Emilia-Romagna;Ex Chiesa di Santa Lucia;2015;2015-11-20T09:41:33Z;343487022;11.3480152;44.4897021
BOLOGNA;CITTA' METROPOLITANA DI BOLOGNA;Emilia-Romagna;Facoltà di Scienze Politiche;2014;2014-04-13T13:07:44Z;1625924206;11.3538014999999;44.490997
BOLOGNA;CITTA' METROPOLITANA DI BOLOGNA;Emilia-Romagna;Instituto di Cancerologia;2016;2016-01-31T11:09:54Z;3979367433;11.3575339999999;44.4950716999999
BOLOGNA;CITTA' METROPOLITANA DI BOLOGNA;Emilia-Romagna;Instituto Zoni;2016;2016-01-31T11:09:55Z;3979367439;11.3565416;44.4960177999999
BOLOGNA;CITTA' METROPOLITANA DI BOLOGNA;Emilia-Romagna;Johns Hopkins University;2015;2015-06-22T19:50:09Z;3611242959;11.3558967;44.4947701999999
BOLOGNA;CITTA' METROPOLITANA DI BOLOGNA;Emilia-Romagna;Opera Universitaria - Collegio Forni;2016;2016-01-31T11:09:55Z;3979367434;11.3566997999999;44.4946162999999
BOLOGNA;CITTA' METROPOLITANA DI BOLOGNA;Emilia-Romagna;Scuola di Ingegneria e Architettura;2015;2015-11-18T11:01:07Z;1638063755;11.3295096;44.4876721999999
BOLOGNA;CITTA' METROPOLITANA DI BOLOGNA;Emilia-Romagna;Sistema Bibliotecario d'ateneo;2016;2016-01-31T11:09:55Z;3979367437;11.3565334999999;44.4953577
BOLOGNA;CITTA' METROPOLITANA DI BOLOGNA;Emilia-Romagna;Università di Bologna - Aule Ercolani;2016;2016-02-01T15:39:10Z;1627377042;11.3564536;44.4972337999999
BOLOGNA;CITTA' METROPOLITANA DI BOLOGNA;Emilia-Romagna;Università di Bologna - Dipartimento di Arti Vi;2013;2013-09-25T13:41:06Z;762208519;11.3552933;44.4883444
BOLOGNA;CITTA' METROPOLITANA DI BOLOGNA;Emilia-Romagna;Università di Bologna - Dipartimento di Chimica;2012;2012-02-10T21:06:52Z;1627376999;11.3559037;44.4961229
BOLOGNA;CITTA' METROPOLITANA DI BOLOGNA;Emilia-Romagna;Università di Bologna - Dipartimento di Chimica;2015;2015-01-15T18:58:46Z;1627376995;11.3539308;44.4962446999999
BOLOGNA;CITTA' METROPOLITANA DI BOLOGNA;Emilia-Romagna;Università di Bologna - Dipartimento di Fisica;2014;2014-05-01T12:11:26Z;1622295901;11.3572886;44.5012978
BOLOGNA;CITTA' METROPOLITANA DI BOLOGNA;Emilia-Romagna;Università di Bologna - Dipartimento di Geologi;2015;2015-01-15T18:59:12Z;1627377003;11.3557399;44.4976069
BOLOGNA;CITTA' METROPOLITANA DI BOLOGNA;Emilia-Romagna;Università di Bologna - Dipartimento di Matemat;2015;2015-01-20T21:27:24Z;1627377019;11.3558957;44.4979532999999
BOLOGNA;CITTA' METROPOLITANA DI BOLOGNA;Emilia-Romagna;Università di Bologna - Dipartimento di Musica;2013;2013-09-25T13:39:39Z;1735448481;11.3350615;44.5024143999999
BOLOGNA;CITTA' METROPOLITANA DI BOLOGNA;Emilia-Romagna;Università di Bologna - Dipartimento di Patolog;2013;2013-03-10T13:56:50Z;1627377023;11.3557428;44.4968155999999
BOLOGNA;CITTA' METROPOLITANA DI BOLOGNA;Emilia-Romagna;Università di Bologna - Dipartimento di Scienze;2012;2012-02-10T21:06:53Z;1627377026;11.3560239;44.4970629999999
BOLOGNA;CITTA' METROPOLITANA DI BOLOGNA;Emilia-Romagna;Università di Bologna - Dipartimento di Scienze;2013;2013-10-16T16:43:47Z;1627377024;11.3537357;44.4957660999999
BOLOGNA;CITTA' METROPOLITANA DI BOLOGNA;Emilia-Romagna;Università di Bologna - Dipartimento di Scienze;2014;2014-03-30T10:28:44Z;1704277275;11.3521483;44.4977209999999
BOLOGNA;CITTA' METROPOLITANA DI BOLOGNA;Emilia-Romagna;Università di Bologna - Dipartimento di Scienze;2015;2015-08-07T14:35:13Z;1627377047;11.3545049;44.4960519999999
BOLOGNA;CITTA' METROPOLITANA DI BOLOGNA;Emilia-Romagna;Università di Bologna - Dipartimento Medicina e;2013;2013-10-16T16:43:47Z;1627376991;11.3552076;44.4967729
BOLOGNA;CITTA' METROPOLITANA DI BOLOGNA;Emilia-Romagna;Università di Bologna facoltà di economia;2014;2014-09-28T00:35:53Z;2828872501;11.3592052999999;44.5015368999999
BOLOGNA;CITTA' METROPOLITANA DI BOLOGNA;Emilia-Romagna;Università di Bologna - Facoltà di Farmacia -;2013;2013-03-10T13:59:48Z;1628350078;11.3587064;44.4988463999999
BOLOGNA;CITTA' METROPOLITANA DI BOLOGNA;Emilia-Romagna;Università di Bologna servizio disabili;2014;2014-05-01T12:10:50Z;2828871001;11.3583854;44.5017587
BOLOGNA;CITTA' METROPOLITANA DI BOLOGNA;Emilia-Romagna;Via Mario Fantin;2012;2012-07-14T11:46:32Z;1617000773;11.3282674;44.51332
ARGENTA;FERRARA;Emilia-Romagna;Università degli Studi di Ferrara - Sede di Arg;2013;2013-06-07T22:33:20Z;2330777515;11.8373659;44.6181843999999
CENTO;FERRARA;Emilia-Romagna;CenTec;2016;2016-01-10T11:43:06Z;3937480941;11.2911933999999;44.7279366
FERRARA;FERRARA;Emilia-Romagna;Dipartimento di Fisica e Scienze della Terra;2012;2012-10-10T10:27:49Z;1251277284;11.6214785;44.8419078
FERRARA;FERRARA;Emilia-Romagna;Dipartimento di Matematica;2014;2014-07-06T20:11:45Z;2714279712;11.6299124;44.838616
FERRARA;FERRARA;Emilia-Romagna;Dipartimento di Morfologia, Chirurgia, Medicina;2012;2012-10-10T10:35:07Z;1956451290;11.6333898999999;44.8379893999999
FERRARA;FERRARA;Emilia-Romagna;Dipartimento di Scienze biomediche e Chirurgico;2012;2012-10-10T10:32:23Z;1956451289;11.6314635;44.8327399
FERRARA;FERRARA;Emilia-Romagna;Dipartimento di Scienze chimiche e Farmaceutiche;2012;2012-10-10T10:35:06Z;1956455563;11.6322741;44.8378372999999
FERRARA;FERRARA;Emilia-Romagna;Dipartimento di Scienze mediche;2012;2012-10-10T10:36:34Z;1956459111;11.6319093;44.8369926
FERRARA;FERRARA;Emilia-Romagna;Dipartimento di Studi umanistici;2012;2012-10-10T10:37:59Z;1956461510;11.6211912;44.8323438999999
FERRARA;FERRARA;Emilia-Romagna;Facoltà di Architettura;2012;2012-10-10T10:13:15Z;1234669427;11.6222365;44.8281934
FERRARA;FERRARA;Emilia-Romagna;Facoltà di Economia;2012;2012-10-10T10:13:15Z;1251278730;11.6223043;44.8354357999999
FERRARA;FERRARA;Emilia-Romagna;Facoltà di Farmacia;2012;2012-10-10T10:19:47Z;1956435100;11.6316811999999;44.8372694999999
FERRARA;FERRARA;Emilia-Romagna;Facoltà di Giurisprudenza;2012;2012-10-10T10:13:15Z;1251278963;11.6221755;44.8449756999999
FERRARA;FERRARA;Emilia-Romagna;Facoltà di Ingegneria;2015;2015-10-07T12:35:00Z;1956436874;11.5984003;44.8340883999999
FERRARA;FERRARA;Emilia-Romagna;Facoltà di Lettere e Filosofia;2014;2014-02-15T21:25:55Z;966006988;11.6276857;44.8323316
FERRARA;FERRARA;Emilia-Romagna;Facoltà di Medicina e Chirurgia;2012;2012-10-10T10:19:47Z;1956435099;11.6324267999999;44.8366305999999
FERRARA;FERRARA;Emilia-Romagna;Facoltà di Scienze Matematiche, Fisiche e Natur;2012;2012-10-10T10:22:56Z;1956438074;11.6219079999999;44.8421875
FERRARA;FERRARA;Emilia-Romagna;Università degli Studi di Ferrara;2014;2014-02-15T21:47:55Z;965900786;11.6263972;44.8333777
RAVENNA;RAVENNA;Emilia-Romagna;Università Degli Studi di Bologna;2009;2009-12-20T16:04:39Z;597325755;12.2020485999999;44.4172206
RAVENNA;RAVENNA;Emilia-Romagna;Università di Bologna - Agraria;2009;2009-11-01T11:15:05Z;549766378;12.1969742;44.4353241999999
RAVENNA;RAVENNA;Emilia-Romagna;Università di Bologna - Scienze Ambientali;2015;2015-02-01T10:24:14Z;549766379;12.1963203;44.434283
CESENA;FORLI';Emilia-Romagna;Facoltà di Architettura;2010;2010-08-02T21:37:09Z;254318200;12.2417254999999;44.1453355
CESENA;FORLI';Emilia-Romagna;Facoltà di Architettura;2010;2010-08-02T21:37:21Z;254318199;12.2399214;44.1447451
CESENA;FORLI';Emilia-Romagna;Ingegneria e Scienze Informatiche;2015;2015-05-05T18:45:30Z;254443124;12.2429769;44.1398383
FORLI';FORLI';Emilia-Romagna;;2011;2011-02-05T18:15:00Z;1137764663;12.063354;44.2139961
FORLI';FORLI';Emilia-Romagna;;2011;2011-02-06T23:43:28Z;1140063628;12.0468676;44.2196507
PESARO;PESARO E URBINO;Marche;università;2013;2013-07-10T19:17:43Z;2380485516;12.9080941;43.9211716
URBINO;PESARO E URBINO;Marche;Centro Integrato Servizi Didattici ed E-Learning;2015;2015-11-28T18:06:48Z;3865504452;12.6380221;43.7245542
URBINO;PESARO E URBINO;Marche;Centro Linguistico d'Ateneo;2015;2015-11-28T18:06:48Z;2330339690;12.637762;43.7255728
URBINO;PESARO E URBINO;Marche;Dipartimento Economia, Società, Politica;2015;2015-11-28T17:46:58Z;3865483066;12.6365011;43.7225891
URBINO;PESARO E URBINO;Marche;Dipartimento Giurisprudenza;2015;2015-11-28T17:46:59Z;3865483067;12.6360683999999;43.7218986999999
URBINO;PESARO E URBINO;Marche;Dipartimento Scienze Biomolecolari;2015;2015-11-28T17:46:59Z;3865483068;12.6368667;43.723227
URBINO;PESARO E URBINO;Marche;Dipartimento Scienze della Comunicazione e Disci;2015;2015-11-28T17:46:59Z;3865483071;12.6366383;43.7221029
URBINO;PESARO E URBINO;Marche;Dipartimento Scienze della Terra, della Vita e d;2015;2015-11-28T17:47:00Z;3865483072;12.6412627;43.7007151999999
URBINO;PESARO E URBINO;Marche;Dipartimento Scienze dell'Uomo;2015;2015-11-28T17:46:59Z;3865483070;12.6361159;43.7275124
URBINO;PESARO E URBINO;Marche;Dipartimento Scienze di Base e Fondamenti;2015;2015-11-28T17:47:00Z;3865483073;12.6365557;43.7262962
URBINO;PESARO E URBINO;Marche;Dipartimento Scienze Pure e Applicate;2015;2015-11-28T17:46:59Z;3865483069;12.6365712;43.7262863999999
URBINO;PESARO E URBINO;Marche;Dipartimento Studi Internazionali. Storia, Lingu;2015;2015-11-28T17:47:00Z;3865483074;12.6370663;43.7235042
URBINO;PESARO E URBINO;Marche;Dipartimento Studi Umanistici;2015;2015-11-28T17:47:00Z;3865483075;12.6361139;43.7275005999999
URBINO;PESARO E URBINO;Marche;Sede centrale Università degli Studi di Urbino;2015;2015-11-28T17:47:00Z;3865483076;12.6366992;43.7232299
CAMERINO;MACERATA;Marche;;2009;2009-04-07T11:01:53Z;370531566;13.0689129;43.1357551999999
MACERATA;MACERATA;Marche;Dipartimento di Lettere e Filosofia;2013;2013-06-06T17:08:56Z;1206763372;13.4490435;43.3009625999999
MACERATA;MACERATA;Marche;Dipartimento di Scienze dell'educazione e della;2013;2013-11-16T23:59:47Z;518992253;13.4735222;43.287322
MACERATA;MACERATA;Marche;Residenza Universitaria Bartolo da Sassoferrato;2013;2013-11-19T00:11:10Z;560716173;13.4539696;43.2966696
MACERATA;MACERATA;Marche;Università - Facoltà Giurisprudenza - Aula mag;2013;2013-04-22T09:50:29Z;1905647261;13.4539988;43.3002127999999
EMPOLI;CITTA' METROPOLITANA DI FIRENZE;Toscana;Urbanistica e Pianificazione;2013;2013-06-26T09:25:53Z;304213834;10.9481594999999;43.718035
FIRENZE;CITTA' METROPOLITANA DI FIRENZE;Toscana;Accademia Italiana;2012;2012-10-27T21:03:49Z;1986154724;11.2493373;43.7657625
FIRENZE;CITTA' METROPOLITANA DI FIRENZE;Toscana;Florence Design Academy;2013;2013-03-15T12:34:01Z;1283599989;11.255589;43.7738209999999
FIRENZE;CITTA' METROPOLITANA DI FIRENZE;Toscana;ISIA Firenze;2014;2014-05-26T11:54:23Z;2881572256;11.2603785999999;43.7755273
PISA;PISA;Toscana;Alma Artis Academy - Accademia di Belle Arti;2015;2015-08-13T19:27:22Z;3695848052;10.3964205;43.7174776
PISA;PISA;Toscana;Aula AM-1;2015;2015-06-23T09:06:56Z;2463332403;10.4072125;43.7200603
PISA;PISA;Toscana;Chimica farmaceutica;2008;2008-07-13T16:54:47Z;278236100;10.388763;43.7165801
PISA;PISA;Toscana;Dipartimento di Fisica 'E. Fermi';2015;2015-09-08T20:34:44Z;1715982941;10.4078976;43.7201299
PISA;PISA;Toscana;Dipartimento di Informatica;2015;2015-07-04T19:23:24Z;1715982961;10.4082249;43.7203779999999
PISA;PISA;Toscana;Dipartimento di Scienze Politiche;2015;2015-12-01T13:50:59Z;3483952526;10.3990809;43.7169638
PISA;PISA;Toscana;Facoltà di Economia;2014;2014-03-07T13:06:06Z;1419100971;10.4104268;43.7111658
PISA;PISA;Toscana;Facoltà di Lettere;2009;2009-01-30T11:29:37Z;339093139;10.3970149;43.7176662999999
PISA;PISA;Toscana;Facoltà di Medicina;2015;2015-10-28T18:41:13Z;3807132463;10.3952788;43.7203537999999
PISA;PISA;Toscana;Scuola Superiore Sant'Anna;2014;2014-02-08T23:19:24Z;1677276904;10.4026444;43.7206078
PISA;PISA;Toscana;Segreterie studenti;2015;2015-07-04T19:25:36Z;3634511305;10.4089115;43.7202811
PISA;PISA;Toscana;Università di Pisa - Rettorato;2015;2015-07-23T08:16:07Z;3483952525;10.3988628;43.7166462
SAN GIULIANO TERME;PISA;Toscana;PERCRO, Scuola superiore Sant'Anna;2013;2013-10-16T13:15:50Z;2426888658;10.4222952;43.7292355
AREZZO;AREZZO;Toscana;Facoltà di Economia (Sede Arezzo);2010;2010-05-12T21:45:54Z;731482593;11.8765603;43.4652567999999
AREZZO;AREZZO;Toscana;Facoltà di Ingegneria  (Sede Arezzo);2010;2010-05-12T21:45:54Z;731482592;11.8762649;43.4653205999999
SAN GIOVANNI VALDARNO;AREZZO;Toscana;Scuola infermieri;2012;2012-03-03T11:20:00Z;254063069;11.5296337999999;43.5625095999999
SIENA;SIENA;Toscana;Facoltà di Lettere e Filosofia;2012;2012-06-22T00:44:39Z;215646877;11.3383398;43.3167724999999
SIENA;SIENA;Toscana;Università per Stranieri di Siena;2014;2014-03-06T11:27:22Z;1101407536;11.3215102;43.3314122
GROSSETO;GROSSETO;Toscana;Universita di Siena a Grosseto;2012;2012-10-13T13:58:51Z;1962592721;11.1147578;42.7617781
ASSISI;PERUGIA;Umbria;Facoltà di Economia Del Turismo;2013;2013-08-24T01:43:14Z;2429703803;12.5822083;43.0523054
ASSISI;PERUGIA;Umbria;Istituto Teologico di Assisi;2014;2014-08-10T15:49:58Z;3008872880;12.6048072;43.0751786
PERUGIA;PERUGIA;Umbria;Facoltà di Ingegneria;2011;2011-06-01T14:49:17Z;247280642;12.3553307;43.1189053
PERUGIA;PERUGIA;Umbria;Università per Stranieri di Perugia;2014;2014-01-06T14:55:45Z;2612279404;12.3895193;43.1148525999999
VITERBO;VITERBO;Lazio;Università degli Studi della Tuscia;2009;2009-03-27T13:31:09Z;366184573;12.1128475;42.4138646999999
VITERBO;VITERBO;Lazio;Università degli Studi della Tuscia;2010;2010-06-19T17:55:20Z;675608652;12.102221;42.4127975
VITERBO;VITERBO;Lazio;Università degli Studi della Tuscia;2010;2010-11-20T11:32:40Z;366528953;12.0927953;42.4272927999999
CITTADUCALE;RIETI;Lazio;Università degli Studi della Tuscia;2013;2013-11-15T12:46:14Z;2533535903;12.9538317;42.3837376
RIETI;RIETI;Lazio;Sabina Universitas;2015;2015-12-05T18:04:51Z;1298268496;12.8603276;42.4026861999999
ALLUMIERE;CITTA' METROPOLITANA DI ROMA CAPITALE;Lazio;Centro Residenziale Studi e Ricerche;2015;2015-12-15T10:23:30Z;3893172838;11.9086368999999;42.1503832
ROMA;CITTA' METROPOLITANA DI ROMA CAPITALE;Lazio;Botanica;2011;2011-04-29T12:10:38Z;1264866005;12.5175392999999;41.902777
ROMA;CITTA' METROPOLITANA DI ROMA CAPITALE;Lazio;Botanica;2011;2011-04-29T12:10:38Z;1264866005;12.5175392999999;41.902777
ROMA;CITTA' METROPOLITANA DI ROMA CAPITALE;Lazio;Dipartimento Scienze Statistiche;2013;2013-10-10T21:18:56Z;2491620503;12.515464;41.9040439999999
ROMA;CITTA' METROPOLITANA DI ROMA CAPITALE;Lazio;Dipartimento Scienze Statistiche;2013;2013-10-10T21:18:56Z;2491620503;12.515464;41.9040439999999
ROMA;CITTA' METROPOLITANA DI ROMA CAPITALE;Lazio;Facoltà di Medicina;2011;2011-04-24T00:38:20Z;1241426475;12.6339132;41.8565637
ROMA;CITTA' METROPOLITANA DI ROMA CAPITALE;Lazio;Facoltà di Medicina;2011;2011-04-24T00:38:20Z;1241426475;12.6339132;41.8565637
ROMA;CITTA' METROPOLITANA DI ROMA CAPITALE;Lazio;Fisiologia Generale;2011;2011-04-29T18:45:56Z;1265207809;12.5162884;41.9040614999999
ROMA;CITTA' METROPOLITANA DI ROMA CAPITALE;Lazio;Fisiologia Generale;2011;2011-04-29T18:45:56Z;1265207809;12.5162884;41.9040614999999
ROMA;CITTA' METROPOLITANA DI ROMA CAPITALE;Lazio;Genetica;2011;2011-04-29T12:10:38Z;1264866004;12.5165639;41.9026641
ROMA;CITTA' METROPOLITANA DI ROMA CAPITALE;Lazio;Genetica;2011;2011-04-29T12:10:38Z;1264866004;12.5165639;41.9026641
ROMA;CITTA' METROPOLITANA DI ROMA CAPITALE;Lazio;Ortopedia;2011;2011-04-15T18:21:29Z;1245949878;12.5128097999999;41.9020652
ROMA;CITTA' METROPOLITANA DI ROMA CAPITALE;Lazio;Ortopedia;2011;2011-04-15T18:21:29Z;1245949878;12.5128097999999;41.9020652
ROMA;CITTA' METROPOLITANA DI ROMA CAPITALE;Lazio;Pontificia Università della Santa Croce;2014;2014-04-19T19:20:54Z;2144627661;12.4734914;41.9006887999999
ROMA;CITTA' METROPOLITANA DI ROMA CAPITALE;Lazio;Pontificia Università della Santa Croce;2014;2014-04-19T19:20:54Z;2144627661;12.4734914;41.9006887999999
ROMA;CITTA' METROPOLITANA DI ROMA CAPITALE;Lazio;Pontificio Istituto Biblico;2014;2014-06-27T12:11:42Z;2175094020;12.4836393999999;41.8988026999999
ROMA;CITTA' METROPOLITANA DI ROMA CAPITALE;Lazio;Pontificio Istituto Biblico;2014;2014-06-27T12:11:42Z;2175094020;12.4836393999999;41.8988026999999
ROMA;CITTA' METROPOLITANA DI ROMA CAPITALE;Lazio;RomaTre - Facoltà di Scienze Della Formazione;2011;2011-11-25T01:28:40Z;246569536;12.4792632;41.8636180999999
ROMA;CITTA' METROPOLITANA DI ROMA CAPITALE;Lazio;RomaTre - Facoltà di Scienze Della Formazione;2011;2011-11-25T01:28:40Z;246569536;12.4792632;41.8636180999999
ROMA;CITTA' METROPOLITANA DI ROMA CAPITALE;Lazio;Tor Vergata facoltà di Scienze;2015;2015-05-18T21:13:28Z;309801932;12.6057963;41.8519773
ROMA;CITTA' METROPOLITANA DI ROMA CAPITALE;Lazio;Tor Vergata facoltà di Scienze;2015;2015-05-18T21:13:28Z;309801932;12.6057963;41.8519773
ROMA;CITTA' METROPOLITANA DI ROMA CAPITALE;Lazio;Università La Sapienza sede distaccata Architet;2012;2012-09-20T15:37:14Z;261852636;12.4757374999999;41.9040213999999
ROMA;CITTA' METROPOLITANA DI ROMA CAPITALE;Lazio;Università La Sapienza sede distaccata Architet;2012;2012-09-20T15:37:14Z;261852636;12.4757374999999;41.9040213999999
ROMA;CITTA' METROPOLITANA DI ROMA CAPITALE;Lazio;Università Sapienza di Roma - Facoltà di Infor;2008;2008-09-29T19:04:28Z;261736886;12.4971175999999;41.9142198999999
ROMA;CITTA' METROPOLITANA DI ROMA CAPITALE;Lazio;Università Sapienza di Roma - Facoltà di Infor;2008;2008-09-29T19:04:28Z;261736886;12.4971175999999;41.9142198999999
ROMA;CITTA' METROPOLITANA DI ROMA CAPITALE;Lazio;Università Sapienza - Distaccamento Facoltà di;2015;2015-09-26T08:40:06Z;2128990512;12.5176584;41.8991606
ROMA;CITTA' METROPOLITANA DI ROMA CAPITALE;Lazio;Università Sapienza - Distaccamento Facoltà di;2015;2015-09-26T08:40:06Z;2128990512;12.5176584;41.8991606
CASERTA;CASERTA;Campania;Seconda Università di Napoli, Facoltà di Studi;2011;2011-12-05T21:47:12Z;1533280282;14.3170751;41.1010697999999
NAPOLI;CITTA' METROPOLITANA DI NAPOLI;Campania;"Università degli Studi di Napoli """"L'Orientale""""";2015;2015-05-05T21:25:16Z;3500019328;14.2602998;40.8452283
TORRE ANNUNZIATA;CITTA' METROPOLITANA DI NAPOLI;Campania;Università Giurisprudenza Napoli - Preparazioni;2016;2016-02-19T09:20:48Z;4014215632;14.4625825;40.7495806
FISCIANO;SALERNO;Campania;Università degli studi di Salerno;2010;2010-10-22T17:42:54Z;960527598;14.7905251999999;40.7721832
CHIETI;CHIETI;Abruzzo;Università degli Studi di Chieti 'G. D'Annunzio;2014;2014-12-02T22:03:30Z;111980293;14.1510341;42.3677568
FOGGIA;FOGGIA;Puglia;Università degli Studi di Foggia - Facoltà di;2011;2011-12-06T16:41:33Z;1534266061;15.5200236;41.4514696
BARI;CITTA' METROPOLITANA DI BARI;Puglia;Accademia di Belle Arti di Bari;2014;2014-04-01T10:17:34Z;1197995049;16.8763706999999;41.1111308999999
BARI;CITTA' METROPOLITANA DI BARI;Puglia;biotechnology faculty;2014;2014-11-14T20:49:27Z;1817880405;16.8791659;41.1047713
BARI;CITTA' METROPOLITANA DI BARI;Puglia;Politecnico di Bari;2010;2010-08-08T15:48:51Z;849689760;16.8832334999999;41.1113836999999
MATERA;MATERA;Basilicata;Università della Basilicata, Facoltà di Archit;2013;2013-10-27T07:21:22Z;2507779701;16.5974955;40.6711661
RENDE;COSENZA;Calabria;Aula P1;2014;2014-04-01T13:31:24Z;2758337554;16.2254815999999;39.3653215
RENDE;COSENZA;Calabria;Aula P2 Occupata;2016;2016-01-27T19:46:20Z;2758337553;16.2254551;39.3654478999999
RENDE;COSENZA;Calabria;Aula P3;2014;2014-04-01T13:31:24Z;2758337552;16.2253712;39.366008
RENDE;COSENZA;Calabria;Aula P4;2014;2014-04-01T13:31:24Z;2758337551;16.2253535;39.366131
RENDE;COSENZA;Calabria;LabInf2;2014;2014-04-01T14:57:40Z;2758425618;16.2257214999999;39.3653825999999
PALERMO;CITTA' METROPOLITANA DI PALERMO;Sicilia;Consorzio ARCA;2013;2013-09-17T20:52:53Z;2462145631;13.3444453;38.1005182
LIPARI;CITTA' METROPOLITANA DI MESSINA;Sicilia;Centro INGV Stromboli;2015;2015-03-29T14:21:07Z;3419458986;15.2406788;38.8007692999999
SASSARI;SASSARI;Sardegna;Polo Umanistico dell'Università di Sassari;2013;2013-07-19T23:20:18Z;2387574309;8.5698554;40.7187642999999
NUORO;NUORO;Sardegna;Polo di Scienze Forestali - Università di Sassa;2014;2014-05-12T23:26:11Z;1693378514;9.3104899;40.3128187
CAGLIARI;CAGLIARI;Sardegna;;2015;2015-03-16T18:34:37Z;3402272230;9.112202;39.2288384
CAGLIARI;CAGLIARI;Sardegna;;2015;2015-03-16T18:34:37Z;3402272230;9.112202;39.2288384
CAGLIARI;CAGLIARI;Sardegna;;2015;2015-03-16T18:34:37Z;3402272230;9.112202;39.2288384
CAGLIARI;CAGLIARI;Sardegna;;2015;2015-03-16T18:34:37Z;3402272231;9.11198959999999;39.2289657
CAGLIARI;CAGLIARI;Sardegna;;2015;2015-03-16T18:34:37Z;3402272231;9.11198959999999;39.2289657
CAGLIARI;CAGLIARI;Sardegna;;2015;2015-03-16T18:34:37Z;3402272231;9.11198959999999;39.2289657
CAGLIARI;CAGLIARI;Sardegna;;2015;2015-03-16T18:34:37Z;3402272232;9.11180519999999;39.2290929999999
CAGLIARI;CAGLIARI;Sardegna;;2015;2015-03-16T18:34:37Z;3402272232;9.11180519999999;39.2290929999999
CAGLIARI;CAGLIARI;Sardegna;;2015;2015-03-16T18:34:37Z;3402272232;9.11180519999999;39.2290929999999
CAGLIARI;CAGLIARI;Sardegna;Centro Linguistico di Ateneo;2011;2011-06-21T16:52:41Z;411494020;9.1137113;39.2275734999999
CAGLIARI;CAGLIARI;Sardegna;Centro Linguistico di Ateneo;2011;2011-06-21T16:52:41Z;411494020;9.1137113;39.2275734999999
CAGLIARI;CAGLIARI;Sardegna;Centro Linguistico di Ateneo;2011;2011-06-21T16:52:41Z;411494020;9.1137113;39.2275734999999
CAGLIARI;CAGLIARI;Sardegna;Università di Cagliari (ex clinica Aresu);2014;2014-02-18T07:55:44Z;2444677131;9.11476749999999;39.2213611
CAGLIARI;CAGLIARI;Sardegna;Università di Cagliari (ex clinica Aresu);2014;2014-02-18T07:55:44Z;2444677131;9.11476749999999;39.2213611
CAGLIARI;CAGLIARI;Sardegna;Università di Cagliari (ex clinica Aresu);2014;2014-02-18T07:55:44Z;2444677131;9.11476749999999;39.2213611
PORDENONE;PORDENONE;Friuli-Venezia Giulia;Consorzio universitario di Pordenone;2012;2012-10-28T15:42:57Z;1590158574;12.6806924999999;45.9525343999999
PRATO;PRATO;Toscana;PIN;2015;2015-12-19T13:40:53Z;3899802233;11.0988214;43.8852856999999
PRATO;PRATO;Toscana;PIN;2015;2015-12-19T13:40:53Z;3899802234;11.0988214;43.8852856999999
VERANO BRIANZA;MONZA-BRIANZA;Lombardia;;2010;2010-01-30T17:19:48Z;623415445;9.221888;45.6769358999999
FERMO;FERMO;Marche;Università degli Studi di Macerata - Dipartimen;2012;2012-03-26T06:25:18Z;615077992;13.7219271;43.1591159999999
FERMO;FERMO;Marche;Università Politecnica delle Marche - Facoltà;2012;2012-03-26T06:25:18Z;615077990;13.7222437999999;43.1588695
